{"empty": true, "normal_photo": {"mouth": 3.0285714285714107, "eyes": 3.0, "distance_corners": 62.12889826803627, "vertical_distance": 24.020824298928627}, "smiling_data": {"distance_corners": 104.01922899156675, "vertical_distance": 32.0}, "speech_mistakes": 7, "texting_test": {"mistakes": 48, "total_letters": 53}}