{"empty": true, "normal_photo": {"mouth": 3.0285714285714107, "eyes": 3.0, "distance_corners": 62.12889826803627, "vertical_distance": 24.020824298928627}, "smiling_data": {"distance_corners": 62.12889826803627, "vertical_distance": 24.020824298928627}, "speech_mistakes": 7, "texting_test": {"mistakes": 50, "total_letters": 57}}