{"empty": true, "normal_photo": {"mouth": 0.7428571428571331, "eyes": 0.0, "distance_corners": 60.00833275470999, "vertical_distance": 19.026297590440446}, "smiling_data": {"distance_corners": 104.01922899156675, "vertical_distance": 32.0}, "speech_mistakes": 15, "texting_test": {"mistakes": 113, "total_letters": 117}}