{"empty": true, "normal_photo": {"mouth": 0.4000000000000057, "eyes": 0.16666666666668561, "distance_corners": 41.0, "vertical_distance": 16.0312195418814}, "smiling_data": {"distance_corners": 104.01922899156675, "vertical_distance": 32.0}}