{
  "empty": true,
  "normal_photo": {
    "mouth": 1.828571428571422,
    "eyes": 0.6666666666666856,
    "distance_corners": 138.00362314084367,
    "vertical_distance": 51.0
  },
  "smiling_data": {
    "distance_corners": 104.01922899156675,
    "vertical_distance": 32.0
  },
  "speech_mistakes": 3,
  "texting_test": {
    "mistakes": 84,
    "total_letters": 92
  }
}